customer_id,customer_name,customer_age,customer_gender,segment,clv_score,recency,frequency,monetary
CUST0760,Customer_760,59.0,Female,Lost / Dormant,509.74,361.0,1.0,4334.7
CUST0285,Customer_285,25.0,Female,Lost / Dormant,11367.75,317.0,1.0,94550.23
CUST0644,Customer_644,31.0,Other,At-Risk,10946.47,50.0,1.0,62399.68
CUST0651,Customer_651,43.0,Male,Loyal Customers,106758.54,161.0,3.0,392269.75
CUST0672,Customer_672,26.0,Male,At-Risk,57659.03,103.0,3.0,193568.43
CUST0643,Customer_643,36.0,Female,Lost / Dormant,5049.64,291.0,1.0,41380.54
CUST0781,Customer_781,19.0,Female,At-Risk,105833.35,2.0,3.0,105833.35
CUST0247,Customer_247,64.0,Other,At-Risk,68170.54,63.0,4.0,176813.43
CUST0449,Customer_449,33.0,Female,Champions,276733.43,88.0,9.0,540804.24
CUST0741,Customer_741,39.0,Male,Champions,224645.03,10.0,4.0,346842.79
CUST0550,Customer_550,49.0,Female,Champions,243121.61,9.0,4.0,362225.94
CUST0003,Customer_3,52.0,Female,At-Risk,147886.01,13.0,4.0,248833.91
CUST0489,Customer_489,60.0,Other,At-Risk,52691.16,151.0,3.0,191200.11
CUST0686,Customer_686,40.0,Male,At-Risk,75204.41,8.0,3.0,124911.82
CUST0704,Customer_704,53.0,Other,Champions,172342.78,33.0,5.0,341975.9
CUST0708,Customer_708,24.0,Other,Lost / Dormant,50292.92,200.0,3.0,192576.92
CUST0243,Customer_243,48.0,Female,Lost / Dormant,7797.88,345.0,1.0,65804.72
CUST0229,Customer_229,34.0,Other,Champions,238131.17,50.0,6.0,483534.29
CUST0447,Customer_447,60.0,Other,Champions,257589.0,28.0,6.0,450232.0
CUST0520,Customer_520,37.0,Female,Lost / Dormant,880.58,185.0,1.0,6645.62
CUST0477,Customer_477,32.0,Male,Champions,200894.72,42.0,6.0,390677.7
CUST0487,Customer_487,62.0,Male,Champions,221470.24,48.0,6.0,445239.81
CUST0468,Customer_468,46.0,Male,At-Risk,63586.8,197.0,5.0,187851.28
CUST0497,Customer_497,39.0,Female,Loyal Customers,175703.34,19.0,4.0,332372.42
CUST0399,Customer_399,45.0,Female,Lost / Dormant,10744.52,353.0,1.0,91024.05
CUST0479,Customer_479,39.0,Female,Loyal Customers,133115.81,34.0,4.0,296391.08
CUST0084,Customer_84,26.0,Male,Loyal Customers,181353.74,78.0,4.0,493772.95
CUST0717,Customer_717,30.0,Other,Lost / Dormant,7726.84,187.0,1.0,58432.27
CUST0714,Customer_714,41.0,Female,Champions,265024.9,50.0,6.0,538143.03
CUST0181,Customer_181,54.0,Female,At-Risk,42521.5,86.0,3.0,137332.37
CUST0333,Customer_333,62.0,Other,Loyal Customers,40559.43,162.0,2.0,188280.89
CUST0096,Customer_96,32.0,Male,At-Risk,84320.91,119.0,5.0,225691.8
CUST0300,Customer_300,22.0,Other,At-Risk,80326.92,9.0,3.0,138942.74
CUST0577,Customer_577,21.0,Other,At-Risk,92382.74,9.0,4.0,137640.69
CUST0271,Customer_271,34.0,Other,At-Risk,90662.02,28.0,4.0,191594.49
CUST0118,Customer_118,62.0,Female,Loyal Customers,82437.08,21.0,2.0,235279.53000000003
CUST0600,Customer_600,34.0,Female,Lost / Dormant,11275.35,233.0,2.0,56033.2
CUST0474,Customer_474,58.0,Male,Champions,404168.31,3.0,5.0,363041.92
CUST0565,Customer_565,48.0,Other,Loyal Customers,82892.56,109.0,3.0,281603.25
CUST0614,Customer_614,48.0,Other,Champions,162924.91,30.0,5.0,315139.8
CUST0330,Customer_330,26.0,Other,Champions,359789.62,47.0,8.0,637275.12
CUST0103,Customer_103,52.0,Female,At-Risk,24632.38,97.0,3.0,81648.41
CUST0037,Customer_37,19.0,Male,At-Risk,87385.93,42.0,4.0,205466.1
CUST0442,Customer_442,47.0,Male,Loyal Customers,112812.14,27.0,3.0,274019.62
CUST0162,Customer_162,54.0,Other,Loyal Customers,41005.32,131.0,2.0,182530.56
CUST0282,Customer_282,57.0,Other,Loyal Customers,89322.95,192.0,4.0,292363.32
CUST0654,Customer_654,26.0,Male,At-Risk,11157.85,13.0,1.0,43592.51
CUST0100,Customer_100,35.0,Female,At-Risk,18432.6,105.0,2.0,78401.09
CUST0242,Customer_242,19.0,Female,Champions,203228.89,29.0,5.0,389497.26
CUST0211,Customer_211,19.0,Female,Champions,223888.18,73.0,5.0,539489.02
CUST0017,Customer_17,60.0,Female,Loyal Customers,113759.17,104.0,3.0,382681.31
CUST0491,Customer_491,51.0,Other,At-Risk,86372.33,32.0,4.0,189246.17
CUST0719,Customer_719,61.0,Male,Champions,260685.65,88.0,9.0,509442.98
CUST0443,Customer_443,40.0,Other,Champions,144335.73,88.0,5.0,362483.53
CUST0230,Customer_230,62.0,Male,At-Risk,31523.32,24.0,2.0,93487.05
CUST0360,Customer_360,64.0,Other,Lost / Dormant,24836.03,324.0,2.0,130822.81
CUST0160,Customer_160,55.0,Other,At-Risk,98116.46,91.0,4.0,276321.7
CUST0405,Customer_405,60.0,Male,Lost / Dormant,7330.79,127.0,1.0,51397.83
CUST0020,Customer_20,24.0,Other,Loyal Customers,65750.29,131.0,3.0,231943.43
CUST0406,Customer_406,30.0,Male,At-Risk,108534.24,152.0,6.0,280938.89
CUST0792,Customer_792,46.0,Female,At-Risk,57283.44,141.0,4.0,176638.58
CUST0155,Customer_155,36.0,Female,At-Risk,99172.4,76.0,4.0,268457.26
CUST0647,Customer_647,59.0,Female,At-Risk,34551.92,35.0,2.0,113565.22
CUST0318,Customer_318,29.0,Female,At-Risk,36081.62,80.0,2.0,144729.47999999998
CUST0141,Customer_141,62.0,Male,At-Risk,57925.19,84.0,3.0,186121.3
CUST0421,Customer_421,42.0,Female,Loyal Customers,225725.35,5.0,3.0,316845.58
CUST0142,Customer_142,32.0,Female,Lost / Dormant,2490.1,90.0,1.0,16244.35
CUST0082,Customer_82,49.0,Male,Champions,288982.73,126.0,8.0,638147.3099999999
CUST0248,Customer_248,20.0,Female,Lost / Dormant,2974.35,228.0,1.0,23335.27
CUST0070,Customer_70,29.0,Male,At-Risk,50716.47,98.0,3.0,168476.46
CUST0301,Customer_301,21.0,Female,Champions,155800.07,112.0,7.0,354854.92
CUST0448,Customer_448,29.0,Female,Lost / Dormant,32194.64,284.0,2.0,165747.83000000002
CUST0677,Customer_677,43.0,Other,Champions,205025.89,17.0,5.0,336923.69999999995
CUST0147,Customer_147,51.0,Female,At-Risk,68858.58,55.0,5.0,155377.32
CUST0117,Customer_117,46.0,Other,Lost / Dormant,12511.16,121.0,2.0,54801.88
CUST0684,Customer_684,49.0,Other,At-Risk,126151.77,1.0,2.0,126151.77
CUST0787,Customer_787,53.0,Other,Lost / Dormant,28350.2,203.0,2.0,137362.74
CUST0510,Customer_510,56.0,Other,At-Risk,32577.22,144.0,4.0,100875.01
CUST0134,Customer_134,54.0,Male,Champions,241984.77,22.0,5.0,429209.75
CUST0375,Customer_375,43.0,Female,Lost / Dormant,36435.77,210.0,3.0,140786.36
CUST0204,Customer_204,57.0,Female,At-Risk,30646.56,58.0,2.0,114214.6
CUST0522,Customer_522,59.0,Other,At-Risk,63440.16,91.0,3.0,207422.64
CUST0598,Customer_598,44.0,Female,Loyal Customers,47281.25,89.0,2.0,194134.98
CUST0754,Customer_754,33.0,Female,Champions,367662.21,16.0,8.0,483646.73
CUST0722,Customer_722,63.0,Female,Lost / Dormant,6802.64,260.0,1.0,54648.49
CUST0220,Customer_220,39.0,Male,Champions,170714.12,43.0,5.0,362688.76
CUST0564,Customer_564,20.0,Male,Loyal Customers,205987.17,16.0,4.0,369930.09
CUST0407,Customer_407,47.0,Male,At-Risk,36772.39,113.0,2.0,158820.78999999998
CUST0664,Customer_664,24.0,Male,At-Risk,233295.73,1.0,4.0,159249.11
CUST0007,Customer_7,43.0,Other,Champions,144108.33,67.0,5.0,340542.36
CUST0377,Customer_377,56.0,Male,At-Risk,38873.82,52.0,2.0,141148.12
CUST0721,Customer_721,23.0,Female,At-Risk,113331.38,14.0,4.0,195236.68
CUST0526,Customer_526,22.0,Female,At-Risk,67017.0,87.0,3.0,216992.11
CUST0185,Customer_185,52.0,Male,Champions,325985.6,17.0,7.0,461587.74
CUST0775,Customer_775,19.0,Male,At-Risk,110359.88,105.0,5.0,287813.66000000003
CUST0458,Customer_458,61.0,Male,Loyal Customers,193445.66,17.0,4.0,353905.51
CUST0227,Customer_227,44.0,Female,Champions,601921.28,5.0,8.0,533074.65
CUST0485,Customer_485,46.0,Male,Loyal Customers,181302.33,30.0,4.0,390413.32
CUST0275,Customer_275,65.0,Female,Lost / Dormant,21573.17,173.0,2.0,101419.57
CUST0268,Customer_268,59.0,Female,At-Risk,18183.52,28.0,2.0,56294.43
CUST0144,Customer_144,32.0,Male,At-Risk,25820.49,87.0,2.0,105495.62
CUST0467,Customer_467,19.0,Other,Lost / Dormant,11616.04,332.0,1.0,97385.48
CUST0110,Customer_110,23.0,Other,Lost / Dormant,29428.91,287.0,2.0,151788.57
CUST0389,Customer_389,62.0,Female,At-Risk,64679.78,5.0,2.0,114563.66
CUST0701,Customer_701,54.0,Female,Champions,189346.44,215.0,7.0,489874.04
CUST0394,Customer_394,46.0,Female,At-Risk,109689.75,48.0,4.0,266620.3
CUST0191,Customer_191,23.0,Other,Loyal Customers,70184.51,18.0,2.0,191381.43
CUST0780,Customer_780,42.0,Other,Lost / Dormant,47680.64,195.0,3.0,181712.16
CUST0534,Customer_534,56.0,Female,At-Risk,138383.04,26.0,4.0,286510.33
CUST0249,Customer_249,36.0,Male,At-Risk,83317.02,47.0,4.0,201470.88
CUST0649,Customer_649,52.0,Male,Lost / Dormant,34189.85,211.0,3.0,132224.27
CUST0171,Customer_171,47.0,Other,At-Risk,86690.38,135.0,4.0,265008.67
CUST0354,Customer_354,46.0,Female,At-Risk,112739.05,49.0,7.0,213167.95
CUST0046,Customer_46,43.0,Male,At-Risk,53963.21,114.0,4.0,159384.21000000002
CUST0030,Customer_30,25.0,Female,At-Risk,54133.53,52.0,4.0,134169.69
CUST0398,Customer_398,37.0,Female,Champions,251918.0,54.0,7.0,487659.07
CUST0200,Customer_200,52.0,Female,Lost / Dormant,22311.48,170.0,2.0,104539.35
CUST0524,Customer_524,20.0,Female,At-Risk,101513.39,10.0,4.0,156732.55
CUST0795,Customer_795,52.0,Other,Lost / Dormant,18322.29,159.0,2.0,84745.98000000001
CUST0274,Customer_274,61.0,Male,At-Risk,133585.91,11.0,5.0,191231.63
CUST0385,Customer_385,47.0,Other,Lost / Dormant,3872.99,301.0,1.0,31925.75
CUST0408,Customer_408,47.0,Male,At-Risk,121067.03,13.0,4.0,203708.14
CUST0439,Customer_439,64.0,Male,At-Risk,59108.99,111.0,4.0,173620.33
CUST0002,Customer_2,23.0,Male,Champions,168847.8,79.0,8.0,337695.61
CUST0307,Customer_307,46.0,Male,Loyal Customers,279913.11,4.0,3.0,361782.44
CUST0604,Customer_604,31.0,Other,Loyal Customers,73393.69,92.0,3.0,240532.74
CUST0662,Customer_662,29.0,Male,Lost / Dormant,5593.58,339.0,1.0,47062.32
CUST0015,Customer_15,23.0,Male,At-Risk,38892.45,144.0,5.0,108175.61
CUST0401,Customer_401,46.0,Male,At-Risk,114562.51,66.0,6.0,248417.11
CUST0536,Customer_536,54.0,Female,At-Risk,16290.77,102.0,2.0,68869.32
CUST0057,Customer_57,27.0,Male,Lost / Dormant,45229.73,169.0,3.0,167753.73
CUST0344,Customer_344,51.0,Female,Lost / Dormant,24587.89,334.0,2.0,130191.97
CUST0098,Customer_98,32.0,Male,Champions,297947.12,13.0,5.0,450314.78
CUST0365,Customer_365,21.0,Male,Champions,196732.82,36.0,6.0,367762.4
CUST0382,Customer_382,54.0,Other,Loyal Customers,108790.2,82.0,3.0,347710.75
CUST0392,Customer_392,23.0,Male,Lost / Dormant,10266.37,190.0,2.0,49130.52
CUST0256,Customer_256,32.0,Female,Loyal Customers,99727.99,44.0,2.0,347550.01
CUST0367,Customer_367,29.0,Other,At-Risk,43505.53,67.0,2.0,167672.47999999998
CUST0029,Customer_29,32.0,Female,At-Risk,183870.85,6.0,4.0,237566.6
CUST0207,Customer_207,60.0,Male,Champions,399881.55,32.0,8.0,641776.24
CUST0140,Customer_140,62.0,Male,At-Risk,94272.08,11.0,4.0,150240.72
CUST0012,Customer_12,24.0,Other,Lost / Dormant,14213.17,215.0,2.0,69601.78
CUST0463,Customer_463,59.0,Female,At-Risk,127272.24,54.0,6.0,263278.11000000004
CUST0340,Customer_340,45.0,Other,At-Risk,22820.87,104.0,2.0,96871.05
CUST0205,Customer_205,42.0,Female,Champions,614433.46,9.0,9.0,639866.51
CUST0799,Customer_799,39.0,Male,Lost / Dormant,72742.58,307.0,4.0,259132.72
CUST0759,Customer_759,30.0,Male,Champions,326325.3,97.0,10.0,625341.69
CUST0370,Customer_370,34.0,Other,Champions,457078.55,6.0,6.0,488443.99
CUST0396,Customer_396,59.0,Male,Lost / Dormant,32710.2,229.0,2.0,162043.12
CUST0313,Customer_313,56.0,Other,Lost / Dormant,12147.58,138.0,1.0,86603.53
CUST0345,Customer_345,19.0,Female,At-Risk,119992.93,41.0,5.0,251885.04
CUST0743,Customer_743,48.0,Other,At-Risk,113153.22,91.0,5.0,286242.78
CUST0073,Customer_73,63.0,Male,At-Risk,131133.97,13.0,6.0,182494.23
CUST0321,Customer_321,48.0,Male,Loyal Customers,43403.12,130.0,2.0,192905.92
CUST0537,Customer_537,26.0,Male,At-Risk,133882.88,3.0,3.0,155433.21000000002
CUST0127,Customer_127,25.0,Female,Lost / Dormant,18084.47,314.0,3.0,75084.72
CUST0712,Customer_712,24.0,Other,Champions,281493.55,12.0,7.0,357248.62
CUST0186,Customer_186,38.0,Other,Champions,379181.4,15.0,7.0,516629.96
CUST0770,Customer_770,25.0,Other,Lost / Dormant,12788.92,153.0,2.0,58710.38
CUST0414,Customer_414,32.0,Female,Lost / Dormant,31576.08,155.0,2.0,145325.53
CUST0261,Customer_261,55.0,Male,Loyal Customers,123413.5,79.0,4.0,336971.29
CUST0281,Customer_281,63.0,Female,Champions,277511.29,78.0,7.0,584802.13
CUST0516,Customer_516,19.0,Male,At-Risk,135257.44,28.0,5.0,256751.68
CUST0397,Customer_397,56.0,Other,Lost / Dormant,3864.45,218.0,1.0,30070.71
CUST0182,Customer_182,27.0,Female,Lost / Dormant,15490.31,118.0,2.0,67503.09
CUST0678,Customer_678,31.0,Female,Champions,165866.86,22.0,5.0,294198.98
CUST0771,Customer_771,42.0,Male,Loyal Customers,60621.29,36.0,2.0,200721.57
CUST0742,Customer_742,52.0,Other,Champions,590023.04,1.0,6.0,333112.28
CUST0702,Customer_702,21.0,Female,At-Risk,37306.7,52.0,4.0,92464.48
CUST0234,Customer_234,40.0,Male,Loyal Customers,90446.92,127.0,3.0,317071.95
CUST0089,Customer_89,64.0,Male,At-Risk,125163.23,21.0,4.0,243842.02
CUST0056,Customer_56,22.0,Female,Champions,235047.41,15.0,5.0,371667.89
CUST0632,Customer_632,26.0,Female,Champions,177238.17,29.0,6.0,312775.8
CUST0368,Customer_368,58.0,Other,Lost / Dormant,13288.74,210.0,1.0,102694.36
CUST0218,Customer_218,43.0,Male,At-Risk,25385.77,96.0,3.0,83959.76
CUST0339,Customer_339,28.0,Male,Champions,384045.43,4.0,5.0,384045.43
CUST0578,Customer_578,29.0,Other,At-Risk,26232.14,50.0,2.0,94345.93
CUST0465,Customer_465,56.0,Other,At-Risk,82069.04,117.0,4.0,243698.78000000003
CUST0494,Customer_494,48.0,Female,At-Risk,140694.04,11.0,4.0,224223.05
CUST0101,Customer_101,46.0,Other,At-Risk,37238.87,145.0,3.0,134053.82
CUST0615,Customer_615,46.0,Other,At-Risk,47892.83,144.0,4.0,148299.62
CUST0035,Customer_35,55.0,Male,Champions,228779.34,10.0,6.0,292148.8
CUST0563,Customer_563,22.0,Female,Lost / Dormant,8235.53,148.0,2.0,37561.22
CUST0551,Customer_551,42.0,Male,At-Risk,147421.37,30.0,5.0,285151.86
CUST0423,Customer_423,54.0,Other,At-Risk,84992.74,44.0,5.0,181612.94
CUST0755,Customer_755,46.0,Male,Lost / Dormant,22654.61,181.0,2.0,107425.43
CUST0323,Customer_323,61.0,Female,Loyal Customers,149462.3,25.0,4.0,306071.68
CUST0324,Customer_324,45.0,Other,At-Risk,9244.25,14.0,2.0,23329.88
CUST0287,Customer_287,29.0,Male,Lost / Dormant,30000.84,276.0,2.0,153678.77
CUST0738,Customer_738,41.0,Other,Loyal Customers,360671.16,1.0,2.0,360671.16
CUST0422,Customer_422,23.0,Female,At-Risk,48638.07,77.0,4.0,132047.05000000002
CUST0656,Customer_656,41.0,Other,Loyal Customers,174005.56,18.0,4.0,323885.8
CUST0189,Customer_189,51.0,Male,Lost / Dormant,6353.38,355.0,1.0,53875.3
CUST0612,Customer_612,46.0,Male,Lost / Dormant,23416.03,133.0,2.0,104551.97
CUST0548,Customer_548,65.0,Female,Loyal Customers,100051.11,129.0,3.0,351850.88
CUST0433,Customer_433,58.0,Female,At-Risk,43262.53,46.0,3.0,120809.8
CUST0193,Customer_193,37.0,Female,At-Risk,57369.39,99.0,4.0,164508.76
CUST0573,Customer_573,36.0,Other,Loyal Customers,118431.16,174.0,4.0,380472.23
CUST0114,Customer_114,55.0,Female,At-Risk,51308.64,25.0,3.0,121983.41
CUST0014,Customer_14,22.0,Male,At-Risk,51859.38,36.0,2.0,171710.24
CUST0104,Customer_104,60.0,Male,Lost / Dormant,20466.68,266.0,2.0,104157.73
CUST0412,Customer_412,33.0,Male,At-Risk,72992.67,9.0,4.0,108751.5
CUST0369,Customer_369,53.0,Other,Lost / Dormant,1108.97,287.0,1.0,9065.76
CUST0039,Customer_39,48.0,Other,At-Risk,33235.83,40.0,2.0,113074.07
CUST0610,Customer_610,42.0,Other,At-Risk,41271.12,54.0,3.0,119838.01
CUST0579,Customer_579,39.0,Other,At-Risk,94890.68,109.0,5.0,249414.34
CUST0409,Customer_409,45.0,Other,At-Risk,34508.6,142.0,5.0,95716.69
CUST0434,Customer_434,32.0,Female,Lost / Dormant,32539.74,177.0,3.0,121760.7
CUST0758,Customer_758,31.0,Female,Loyal Customers,71656.34,109.0,3.0,243431.47
CUST0748,Customer_748,35.0,Other,At-Risk,71496.91,85.0,5.0,178203.97
CUST0356,Customer_356,43.0,Male,Loyal Customers,180391.92,10.0,3.0,323349.13
CUST0695,Customer_695,63.0,Male,At-Risk,124453.4,53.0,6.0,256294.59
CUST0135,Customer_135,48.0,Female,Lost / Dormant,30751.49,183.0,2.0,146124.1
CUST0486,Customer_486,46.0,Female,At-Risk,78823.19,110.0,6.0,191132.74
CUST0253,Customer_253,47.0,Male,At-Risk,141905.42,1.0,2.0,141905.42
CUST0740,Customer_740,62.0,Other,At-Risk,14777.49,96.0,3.0,48874.4
CUST0316,Customer_316,60.0,Female,Champions,558098.94,5.0,7.0,522260.6
CUST0424,Customer_424,34.0,Other,At-Risk,106711.64,140.0,5.0,295153.7
CUST0574,Customer_574,19.0,Male,Loyal Customers,59325.05,53.0,2.0,216395.95
CUST0288,Customer_288,49.0,Female,Loyal Customers,101264.25,171.0,3.0,376431.02
CUST0538,Customer_538,37.0,Male,At-Risk,143667.29,12.0,4.0,235576.79
CUST0294,Customer_294,27.0,Female,New Customer,,,,
CUST0774,Customer_774,41.0,Other,Champions,270044.8,10.0,5.0,374512.39
CUST0607,Customer_607,23.0,Male,Champions,205531.61,12.0,5.0,302724.62
CUST0379,Customer_379,52.0,Male,Loyal Customers,92372.25,168.0,3.0,342211.05
CUST0569,Customer_569,59.0,Female,Loyal Customers,63732.47,136.0,3.0,226521.91
CUST0639,Customer_639,54.0,Male,At-Risk,41694.42,33.0,3.0,106931.24
CUST0116,Customer_116,65.0,Other,Champions,216914.88,69.0,5.0,516050.68
CUST0320,Customer_320,56.0,Other,At-Risk,67944.18,53.0,4.0,169173.95
CUST0645,Customer_645,34.0,Male,At-Risk,83564.91,125.0,5.0,225925.44
CUST0757,Customer_757,44.0,Male,Lost / Dormant,19762.03,286.0,2.0,101866.32
CUST0216,Customer_216,48.0,Other,Lost / Dormant,20816.35,299.0,2.0,108137.5
CUST0460,Customer_460,34.0,Female,Champions,470822.41,8.0,9.0,470822.41
CUST0789,Customer_789,30.0,Other,Loyal Customers,44756.51,125.0,2.0,197347.99
CUST0673,Customer_673,60.0,Other,Champions,335440.69,49.0,7.0,634254.0900000001
CUST0709,Customer_709,30.0,Male,Lost / Dormant,16940.92,358.0,1.0,143859.78
CUST0148,Customer_148,18.0,Other,At-Risk,47124.63,45.0,3.0,130878.98
CUST0411,Customer_411,24.0,Female,Lost / Dormant,1436.21,338.0,1.0,12077.67
CUST0753,Customer_753,64.0,Male,At-Risk,35205.48,122.0,5.0,94711.56
CUST0606,Customer_606,26.0,Male,At-Risk,65577.64,67.0,3.0,200291.32
CUST0724,Customer_724,56.0,Female,At-Risk,14672.85,107.0,3.0,49654.28
CUST0357,Customer_357,25.0,Other,At-Risk,94080.46,100.0,5.0,242844.85
CUST0164,Customer_164,49.0,Male,At-Risk,124208.08,18.0,6.0,191218.57
CUST0594,Customer_594,21.0,Male,At-Risk,8986.5,81.0,1.0,57289.29
CUST0183,Customer_183,39.0,Female,At-Risk,119565.54,10.0,4.0,184604.33
CUST0175,Customer_175,55.0,Other,Loyal Customers,126888.65,62.0,3.0,380665.95
CUST0428,Customer_428,62.0,Male,At-Risk,54452.66,14.0,3.0,108905.31
CUST0245,Customer_245,41.0,Other,At-Risk,38612.97,22.0,3.0,88519.51000000001
CUST0395,Customer_395,61.0,Male,At-Risk,97762.97,156.0,5.0,276228.12
CUST0362,Customer_362,61.0,Male,New Customer,,,,
CUST0083,Customer_83,52.0,Female,Loyal Customers,109284.11,8.0,2.0,229048.93
CUST0756,Customer_756,51.0,Female,Loyal Customers,131307.08,151.0,5.0,368650.0
CUST0136,Customer_136,63.0,Other,At-Risk,75607.11,62.0,4.0,195373.27
CUST0120,Customer_120,19.0,Female,New Customer,,,,
CUST0503,Customer_503,53.0,Other,Champions,666909.73,24.0,13.0,823345.62
CUST0296,Customer_296,46.0,Female,Champions,816433.81,4.0,6.0,751757.74
CUST0670,Customer_670,34.0,Female,At-Risk,102445.57,55.0,4.0,257352.39
CUST0525,Customer_525,51.0,Male,Champions,392350.46,2.0,4.0,337952.29
CUST0784,Customer_784,46.0,Female,Lost / Dormant,35653.78,282.0,2.0,183328.83
CUST0167,Customer_167,22.0,Male,At-Risk,11983.83,100.0,3.0,39980.62
CUST0190,Customer_190,18.0,Other,At-Risk,68793.6,23.0,4.0,137587.19999999998
CUST0773,Customer_773,50.0,Male,At-Risk,53419.3,134.0,3.0,189303.64
CUST0113,Customer_113,36.0,Female,Champions,256240.42,34.0,7.0,441581.25
CUST0696,Customer_696,28.0,Male,Lost / Dormant,12157.02,168.0,2.0,56831.69
CUST0111,Customer_111,57.0,Male,Champions,276796.18,18.0,6.0,426128.23
CUST0478,Customer_478,42.0,Male,At-Risk,104543.97,5.0,4.0,126400.14
CUST0676,Customer_676,50.0,Female,At-Risk,105469.84,20.0,5.0,181950.62
CUST0254,Customer_254,48.0,Female,Lost / Dormant,8833.49,246.0,1.0,70263.3
CUST0331,Customer_331,22.0,Other,At-Risk,24504.36,109.0,3.0,83246.4
CUST0049,Customer_49,22.0,Female,At-Risk,26472.76,105.0,2.0,112599.02
CUST0680,Customer_680,65.0,Female,At-Risk,86479.92,64.0,4.0,225122.7
CUST0788,Customer_788,44.0,Female,At-Risk,33486.66,61.0,2.0,126286.36
CUST0660,Customer_660,64.0,Male,Champions,319962.17,1.0,3.0,253564.02
CUST0124,Customer_124,45.0,Male,Loyal Customers,163196.13,128.0,4.0,493565.36
CUST0451,Customer_451,37.0,Other,Lost / Dormant,5467.22,248.0,1.0,43550.68
CUST0260,Customer_260,33.0,Male,At-Risk,28131.29,84.0,2.0,114058.91
CUST0269,Customer_269,32.0,Male,Champions,518467.69,2.0,5.0,401141.36
CUST0011,Customer_11,48.0,Other,Loyal Customers,96610.99,126.0,3.0,338138.46
CUST0006,Customer_6,38.0,Female,Lost / Dormant,8959.48,164.0,1.0,66076.49
CUST0055,Customer_55,64.0,Male,At-Risk,79147.02,187.0,4.0,257772.39
CUST0291,Customer_291,39.0,Other,At-Risk,109383.72,15.0,4.0,192556.31
CUST0383,Customer_383,46.0,Other,Champions,258959.3,50.0,9.0,444375.02
CUST0217,Customer_217,43.0,Other,At-Risk,123776.45,67.0,5.0,292496.11
CUST0042,Customer_42,26.0,Female,Lost / Dormant,833.33,342.0,1.0,7021.88
CUST0303,Customer_303,46.0,Female,At-Risk,25404.72,96.0,3.0,84022.41
CUST0047,Customer_47,56.0,Other,Lost / Dormant,43493.38,229.0,3.0,170749.56
CUST0019,Customer_19,62.0,Female,At-Risk,59395.55,14.0,2.0,149897.69
CUST0500,Customer_500,44.0,Male,Champions,353778.4,31.0,7.0,594865.9
CUST0166,Customer_166,19.0,Female,At-Risk,3512.18,48.0,1.0,19822.24
CUST0469,Customer_469,46.0,Female,Loyal Customers,81029.09,71.0,2.0,316446.52
CUST0663,Customer_663,63.0,Female,Loyal Customers,134929.62,41.0,4.0,315325.81
CUST0772,Customer_772,51.0,Male,At-Risk,66775.73,70.0,3.0,206000.62
CUST0791,Customer_791,61.0,Female,At-Risk,51408.15,23.0,4.0,102816.3
CUST0009,Customer_9,23.0,Female,Loyal Customers,46775.1,213.0,2.0,228663.15
CUST0554,Customer_554,21.0,Female,Lost / Dormant,4752.02,188.0,2.0,22695.86
CUST0533,Customer_533,22.0,Other,Loyal Customers,134979.73,40.0,4.0,313469.45
CUST0532,Customer_532,63.0,Other,Loyal Customers,159993.74,84.0,4.0,442805.32
CUST0432,Customer_432,48.0,Other,Loyal Customers,87608.35,118.0,3.0,302550.65
CUST0652,Customer_652,65.0,Male,At-Risk,76508.76,48.0,3.0,215902.23
CUST0646,Customer_646,52.0,Male,Champions,314306.56,4.0,4.0,349912.07
CUST0723,Customer_723,25.0,Other,At-Risk,41007.2,28.0,2.0,126954.34
CUST0188,Customer_188,34.0,Male,Lost / Dormant,7098.46,279.0,1.0,57741.91
CUST0582,Customer_582,46.0,Other,Lost / Dormant,4806.71,158.0,2.0,22205.19
CUST0062,Customer_62,62.0,Male,At-Risk,44063.99,120.0,3.0,152697.96000000002
CUST0488,Customer_488,25.0,Female,Lost / Dormant,10295.75,121.0,2.0,45097.83
CUST0215,Customer_215,65.0,Female,Lost / Dormant,19694.98,201.0,2.0,95250.59
CUST0747,Customer_747,44.0,Other,Champions,304790.15,76.0,7.0,638576.22
CUST0371,Customer_371,22.0,Male,New Customer,,,,
CUST0065,Customer_65,22.0,Other,At-Risk,119814.65,10.0,3.0,214765.52
CUST0593,Customer_593,21.0,Female,Loyal Customers,98788.79,31.0,3.0,249164.79
CUST0633,Customer_633,55.0,Male,At-Risk,84214.04,86.0,4.0,234277.21
CUST0608,Customer_608,40.0,Other,At-Risk,31192.91,108.0,3.0,105765.16
CUST0317,Customer_317,58.0,Male,At-Risk,140820.78,44.0,5.0,300906.6
CUST0348,Customer_348,41.0,Other,At-Risk,95802.98,16.0,3.0,199745.62
CUST0445,Customer_445,52.0,Male,Lost / Dormant,9202.53,139.0,2.0,41453.32
CUST0456,Customer_456,34.0,Female,At-Risk,10530.25,101.0,2.0,44424.08
CUST0776,Customer_776,37.0,Male,Loyal Customers,42885.3,194.0,2.0,206035.88
CUST0231,Customer_231,43.0,Female,At-Risk,79087.9,29.0,4.0,168746.39
CUST0337,Customer_337,36.0,Male,Loyal Customers,59518.17,73.0,2.0,233903.26
CUST0531,Customer_531,63.0,Male,At-Risk,74734.53,63.0,5.0,174114.25
CUST0602,Customer_602,20.0,Female,At-Risk,27699.2,17.0,2.0,74237.84
CUST0718,Customer_718,20.0,Male,Loyal Customers,49607.13,46.0,2.0,174801.57
CUST0683,Customer_683,20.0,Male,Lost / Dormant,53353.69,196.0,3.0,203527.16
CUST0352,Customer_352,26.0,Female,At-Risk,17352.89,41.0,2.0,59409.22
CUST0622,Customer_622,46.0,Other,Champions,316601.67,45.0,9.0,529388.98
CUST0707,Customer_707,61.0,Male,Lost / Dormant,23936.9,209.0,2.0,116607.91
CUST0226,Customer_226,56.0,Other,Loyal Customers,130234.82,41.0,4.0,304354.21
CUST0341,Customer_341,25.0,Other,Champions,259378.61,20.0,4.0,498155.46
CUST0235,Customer_235,18.0,Female,Champions,143667.44,57.0,5.0,326946.44
CUST0650,Customer_650,56.0,Female,Loyal Customers,168221.34,69.0,4.0,445542.96
CUST0279,Customer_279,37.0,Male,At-Risk,38111.53,82.0,3.0,121810.49
CUST0390,Customer_390,44.0,Other,Lost / Dormant,27029.32,296.0,3.0,111079.26
CUST0796,Customer_796,36.0,Male,Loyal Customers,161967.5,42.0,4.0,380825.96
CUST0088,Customer_88,18.0,Other,At-Risk,157170.01,28.0,5.0,298347.1
CUST0617,Customer_617,20.0,Other,Lost / Dormant,6107.72,304.0,1.0,50433.84
CUST0131,Customer_131,60.0,Male,At-Risk,68717.02,112.0,5.0,181641.26
CUST0335,Customer_335,56.0,Female,Lost / Dormant,16759.55,169.0,2.0,78437.11
CUST0328,Customer_328,27.0,Other,At-Risk,64382.09,77.0,5.0,157004.44
CUST0099,Customer_99,62.0,Male,At-Risk,146870.88,18.0,6.0,226107.99
CUST0797,Customer_797,24.0,Male,At-Risk,88188.78,129.0,4.0,267135.33
CUST0306,Customer_306,55.0,Other,Champions,154274.25,74.0,5.0,372885.22
CUST0308,Customer_308,20.0,Male,Loyal Customers,139385.71,2.0,2.0,175885.18
CUST0138,Customer_138,62.0,Male,At-Risk,14358.26,58.0,2.0,53510.83
CUST0732,Customer_732,25.0,Female,Champions,849215.96,3.0,5.0,762803.48
CUST0372,Customer_372,49.0,Female,At-Risk,72554.71,26.0,3.0,174398.13
CUST0528,Customer_528,28.0,Other,At-Risk,59701.37,31.0,3.0,150578.61
CUST0376,Customer_376,34.0,Other,Lost / Dormant,23030.19,155.0,2.0,105993.97
CUST0223,Customer_223,29.0,Male,Loyal Customers,48084.62,156.0,2.0,221582.23
CUST0203,Customer_203,35.0,Female,Loyal Customers,118942.6,24.0,3.0,279541.25
CUST0492,Customer_492,24.0,Other,At-Risk,91924.24,66.0,4.0,241000.32
CUST0063,Customer_63,31.0,Female,Lost / Dormant,3976.2,150.0,2.0,18182.88
CUST0778,Customer_778,36.0,Other,At-Risk,34572.91,59.0,2.0,129367.63
CUST0507,Customer_507,62.0,Other,Lost / Dormant,26374.59,296.0,2.0,136771.18
CUST0725,Customer_725,21.0,Male,At-Risk,27037.92,27.0,2.0,82872.43
CUST0152,Customer_152,30.0,Male,Loyal Customers,190228.83,108.0,4.0,555577.11
CUST0661,Customer_661,35.0,Other,At-Risk,14267.13,6.0,2.0,27004.67
CUST0109,Customer_109,19.0,Male,Lost / Dormant,1784.87,223.0,1.0,13946.58
CUST0342,Customer_342,40.0,Female,At-Risk,153599.58,12.0,4.0,251863.14
CUST0729,Customer_729,23.0,Male,Lost / Dormant,4861.64,351.0,1.0,41146.59
CUST0327,Customer_327,32.0,Other,New Customer,,,,
CUST0592,Customer_592,27.0,Other,Champions,250019.24,11.0,5.0,357908.92
CUST0013,Customer_13,21.0,Male,At-Risk,55873.93,38.0,3.0,148678.53
CUST0165,Customer_165,26.0,Female,Lost / Dormant,41966.03,286.0,2.0,216320.13
CUST0402,Customer_402,24.0,Other,Loyal Customers,109439.04,141.0,4.0,337465.0
CUST0289,Customer_289,48.0,Female,Lost / Dormant,7567.43,167.0,1.0,56005.65
CUST0366,Customer_366,42.0,Male,At-Risk,101889.53,20.0,3.0,227184.69
CUST0699,Customer_699,39.0,Other,At-Risk,35971.0,57.0,2.0,133507.6
CUST0092,Customer_92,43.0,Other,Lost / Dormant,16805.64,302.0,2.0,87454.24
CUST0584,Customer_584,30.0,Male,Loyal Customers,170479.61,21.0,4.0,332127.03
CUST0498,Customer_498,48.0,Male,Lost / Dormant,2355.26,258.0,1.0,18894.8
CUST0259,Customer_259,45.0,Female,Champions,279054.7,41.0,6.0,539377.71
CUST0430,Customer_430,57.0,Other,Loyal Customers,53379.75,166.0,2.0,248964.91
CUST0793,Customer_793,47.0,Female,Lost / Dormant,3609.96,145.0,1.0,25990.54
CUST0237,Customer_237,58.0,Male,Loyal Customers,137055.36,122.0,5.0,368713.22
CUST0081,Customer_81,42.0,Other,At-Risk,69356.86,73.0,3.0,216005.66
CUST0499,Customer_499,40.0,Other,Champions,345460.43,46.0,8.0,608652.74
CUST0163,Customer_163,64.0,Male,At-Risk,49168.1,99.0,3.0,163685.82
CUST0457,Customer_457,34.0,Female,At-Risk,86083.86,131.0,4.0,261569.67
CUST0576,Customer_576,38.0,Male,At-Risk,48798.42,150.0,3.0,176843.72
CUST0511,Customer_511,43.0,Other,At-Risk,113584.03,11.0,6.0,149717.75
CUST0106,Customer_106,34.0,Male,Lost / Dormant,3129.4,341.0,1.0,26356.02
CUST0077,Customer_77,25.0,Male,Loyal Customers,112033.0,23.0,3.0,260132.56
CUST0087,Customer_87,56.0,Other,At-Risk,40687.65,76.0,4.0,110140.46
CUST0112,Customer_112,32.0,Other,At-Risk,46221.16,109.0,3.0,157022.88
CUST0176,Customer_176,28.0,Female,Lost / Dormant,40363.61,195.0,3.0,153826.77000000002
CUST0172,Customer_172,51.0,Other,Champions,311481.71,2.0,5.0,240995.15
CUST0703,Customer_703,42.0,Female,Loyal Customers,45319.22,313.0,2.0,237301.3
CUST0540,Customer_540,54.0,Female,Lost / Dormant,1151.22,272.0,1.0,9322.65
CUST0361,Customer_361,55.0,Female,Lost / Dormant,8640.24,245.0,1.0,68675.77
CUST0364,Customer_364,34.0,Other,Lost / Dormant,23796.65,141.0,2.0,107498.4
CUST0028,Customer_28,18.0,Other,At-Risk,58010.91,31.0,4.0,126028.83
CUST0309,Customer_309,19.0,Female,Champions,240292.49,45.0,7.0,444908.67
CUST0471,Customer_471,55.0,Female,At-Risk,58551.98,75.0,4.0,158029.33
CUST0257,Customer_257,46.0,Male,Loyal Customers,84996.91,82.0,3.0,271663.62
CUST0542,Customer_542,64.0,Female,Lost / Dormant,34696.02,268.0,3.0,140116.69
CUST0297,Customer_297,62.0,Other,At-Risk,97131.64,68.0,4.0,256402.13
CUST0034,Customer_34,54.0,Other,Lost / Dormant,13402.62,193.0,2.0,64328.43000000001
CUST0427,Customer_427,32.0,Male,Loyal Customers,88572.76,46.0,3.0,247337.77
CUST0623,Customer_623,21.0,Male,Champions,141160.07,80.0,7.0,299144.16000000003
CUST0277,Customer_277,45.0,Other,At-Risk,14495.51,16.0,1.0,60445.21
CUST0782,Customer_782,65.0,Male,Loyal Customers,347786.8,1.0,2.0,347786.80000000005
CUST0419,Customer_419,57.0,Male,Loyal Customers,190233.35,89.0,3.0,618999.78
CUST0154,Customer_154,42.0,Other,At-Risk,1537.59,32.0,1.0,7822.45
CUST0691,Customer_691,46.0,Female,Loyal Customers,67358.19,34.0,2.0,219712.96
CUST0130,Customer_130,39.0,Female,Lost / Dormant,4008.52,86.0,1.0,25892.79
CUST0613,Customer_613,25.0,Male,Champions,251796.64,27.0,5.0,473207.36
CUST0270,Customer_270,50.0,Male,Champions,236727.96,19.0,5.0,402243.49
CUST0444,Customer_444,49.0,Other,Loyal Customers,80172.63,219.0,3.0,312188.32
CUST0436,Customer_436,57.0,Male,New Customer,,,,
CUST0751,Customer_751,25.0,Female,Champions,210699.84,26.0,5.0,391846.65
CUST0464,Customer_464,49.0,Male,Loyal Customers,91701.78,225.0,4.0,309100.21
CUST0620,Customer_620,22.0,Male,At-Risk,66346.01,41.0,3.0,180005.51
CUST0711,Customer_711,45.0,Female,At-Risk,89534.56,56.0,4.0,225886.29
CUST0173,Customer_173,38.0,Male,At-Risk,9370.79,105.0,2.0,39857.65
CUST0387,Customer_387,49.0,Female,Lost / Dormant,1774.12,176.0,1.0,13262.83
CUST0446,Customer_446,18.0,Female,At-Risk,122367.24,21.0,4.0,238394.89
CUST0601,Customer_601,54.0,Other,At-Risk,94966.34,133.0,6.0,239392.35
CUST0198,Customer_198,39.0,Other,At-Risk,22583.21,83.0,2.0,91323.67
CUST0091,Customer_91,30.0,Other,Lost / Dormant,25379.33,200.0,2.0,122627.68
CUST0038,Customer_38,31.0,Female,Loyal Customers,110968.68,43.0,3.0,304711.84
CUST0530,Customer_530,39.0,Male,Lost / Dormant,22547.42,223.0,3.0,88090.32
CUST0484,Customer_484,22.0,Other,At-Risk,46224.68,44.0,3.0,127662.45
CUST0228,Customer_228,45.0,Female,Champions,263073.78,18.0,7.0,378995.32
CUST0589,Customer_589,48.0,Other,Lost / Dormant,3794.54,297.0,1.0,31206.33
CUST0435,Customer_435,25.0,Female,Lost / Dormant,68217.39,209.0,4.0,226843.05
CUST0588,Customer_588,19.0,Other,Champions,233993.97,19.0,8.0,324227.17
CUST0156,Customer_156,51.0,Female,At-Risk,124730.48,82.0,5.0,308444.25
CUST0031,Customer_31,25.0,Male,At-Risk,61339.23,58.0,3.0,181162.07
CUST0657,Customer_657,44.0,Other,Champions,435660.68,4.0,6.0,401148.61
CUST0384,Customer_384,64.0,Other,At-Risk,99392.68,80.0,5.0,244450.02
CUST0581,Customer_581,64.0,Male,At-Risk,44381.35,63.0,3.0,133640.4
CUST0583,Customer_583,58.0,Other,Loyal Customers,97475.06,107.0,3.0,329864.59
CUST0454,Customer_454,38.0,Female,Lost / Dormant,11670.55,120.0,1.0,80885.53
CUST0679,Customer_679,40.0,Female,Loyal Customers,147499.48,37.0,3.0,389797.03
CUST0334,Customer_334,42.0,Other,At-Risk,94786.99,81.0,4.0,260245.27
CUST0252,Customer_252,46.0,Male,Loyal Customers,114013.24,65.0,4.0,297862.14
CUST0266,Customer_266,29.0,Other,Loyal Customers,46008.36,252.0,2.0,231895.89
CUST0196,Customer_196,45.0,Other,At-Risk,120277.49,36.0,5.0,244184.41
CUST0667,Customer_667,20.0,Male,Loyal Customers,119414.37,26.0,3.0,287033.64
CUST0027,Customer_27,23.0,Male,Champions,150195.53,35.0,6.0,278709.55
CUST0426,Customer_426,54.0,Male,At-Risk,29558.54,86.0,4.0,82229.67
CUST0648,Customer_648,47.0,Other,Loyal Customers,136447.62,73.0,4.0,366035.22
CUST0616,Customer_616,57.0,Other,At-Risk,106798.13,35.0,5.0,215229.39
CUST0069,Customer_69,22.0,Female,At-Risk,56638.59,144.0,4.0,175380.75
CUST0744,Customer_744,25.0,Other,Loyal Customers,56314.06,36.0,2.0,186460.01
CUST0634,Customer_634,65.0,Female,At-Risk,11755.04,10.0,2.0,26588.24
CUST0332,Customer_332,46.0,Male,Lost / Dormant,41414.68,212.0,3.0,160305.19
CUST0425,Customer_425,41.0,Male,Loyal Customers,72028.17,82.0,2.0,290497.03
CUST0079,Customer_79,56.0,Female,At-Risk,47536.71,12.0,3.0,90494.56
CUST0391,Customer_391,58.0,Female,At-Risk,51664.45,10.0,2.0,116857.72
CUST0021,Customer_21,30.0,Female,Loyal Customers,175470.32,56.0,3.0,513950.89
CUST0700,Customer_700,22.0,Female,Loyal Customers,76364.59,172.0,3.0,284188.68
CUST0329,Customer_329,36.0,Other,Champions,170091.3,65.0,5.0,399150.47
CUST0521,Customer_521,31.0,Male,At-Risk,44562.04,86.0,3.0,143922.71
CUST0336,Customer_336,30.0,Male,At-Risk,1862.35,61.0,1.0,11131.78
CUST0115,Customer_115,20.0,Male,Lost / Dormant,30838.07,249.0,2.0,155099.58000000002
CUST0359,Customer_359,33.0,Female,Loyal Customers,19319.97,181.0,1.0,145203.12
CUST0561,Customer_561,54.0,Female,At-Risk,93832.63,108.0,5.0,246159.4
CUST0466,Customer_466,63.0,Male,At-Risk,42492.65,38.0,2.0,142680.24
CUST0214,Customer_214,54.0,Other,Loyal Customers,120014.03,82.0,4.0,330401.17
CUST0475,Customer_475,53.0,Other,At-Risk,10229.66,86.0,1.0,66077.76
CUST0544,Customer_544,22.0,Female,At-Risk,12848.69,45.0,3.0,35684.6
CUST0347,Customer_347,62.0,Male,Champions,221470.79,77.0,6.0,497302.04
CUST0501,Customer_501,22.0,Male,Lost / Dormant,1326.88,222.0,1.0,10359.4
CUST0004,Customer_4,55.0,Male,At-Risk,127481.83,82.0,5.0,315248.03
CUST0437,Customer_437,45.0,Other,At-Risk,99522.27,7.0,3.0,157739.07
CUST0420,Customer_420,42.0,Other,Loyal Customers,135109.17,105.0,5.0,352358.69
CUST0682,Customer_682,39.0,Other,At-Risk,58120.56,110.0,3.0,197823.64
CUST0125,Customer_125,62.0,Female,At-Risk,48107.68,60.0,4.0,123364.09
CUST0386,Customer_386,46.0,Male,At-Risk,55463.04,99.0,5.0,142858.81
CUST0779,Customer_779,63.0,Female,Champions,367797.51,24.0,7.0,576270.01
CUST0179,Customer_179,61.0,Male,Lost / Dormant,465.98,359.0,1.0,3958.92
CUST0595,Customer_595,40.0,Female,Champions,176317.78,21.0,5.0,308547.76
CUST0393,Customer_393,23.0,Other,At-Risk,7543.81,91.0,2.0,31123.89
CUST0549,Customer_549,49.0,Female,Champions,176375.33,29.0,5.0,338031.21
CUST0045,Customer_45,56.0,Female,At-Risk,10612.42,65.0,2.0,40616.66
CUST0022,Customer_22,33.0,Male,Loyal Customers,96189.05,156.0,4.0,302569.13
CUST0150,Customer_150,44.0,Female,At-Risk,57914.26,25.0,3.0,137687.89
CUST0596,Customer_596,35.0,Female,New Customer,,,,
CUST0777,Customer_777,33.0,Other,Lost / Dormant,95.19,223.0,1.0,743.78
CUST0519,Customer_519,20.0,Male,At-Risk,75037.07,168.0,5.0,215082.03000000003
CUST0351,Customer_351,33.0,Male,At-Risk,89474.13,16.0,4.0,160685.61
CUST0095,Customer_95,37.0,Male,At-Risk,73060.77,9.0,2.0,159466.69
CUST0630,Customer_630,34.0,Other,At-Risk,116604.49,37.0,4.0,265426.67
CUST0310,Customer_310,43.0,Female,At-Risk,79981.7,14.0,3.0,159963.41
CUST0764,Customer_764,26.0,Other,Champions,259289.91,4.0,4.0,288662.98
CUST0739,Customer_739,60.0,Other,At-Risk,11112.79,111.0,2.0,47818.94
CUST0624,Customer_624,46.0,Male,At-Risk,9899.63,74.0,1.0,61852.15
CUST0513,Customer_513,23.0,Male,New Customer,,,,
CUST0535,Customer_535,58.0,Other,At-Risk,37435.61,13.0,2.0,92277.78
CUST0609,Customer_609,45.0,Male,At-Risk,126768.8,14.0,4.0,218385.41
CUST0713,Customer_713,63.0,Male,Loyal Customers,209227.55,8.0,3.0,347519.43
CUST0575,Customer_575,46.0,Female,Lost / Dormant,33452.8,248.0,2.0,168128.79
CUST0212,Customer_212,36.0,Male,At-Risk,54267.68,6.0,2.0,102717.29
CUST0629,Customer_629,24.0,Other,At-Risk,12441.61,24.0,3.0,29240.53
CUST0222,Customer_222,58.0,Other,Lost / Dormant,19410.15,156.0,2.0,89445.31
CUST0161,Customer_161,37.0,Female,At-Risk,29311.48,79.0,2.0,117245.92
CUST0552,Customer_552,29.0,Female,Champions,319710.77,4.0,5.0,319710.77
CUST0716,Customer_716,19.0,Other,At-Risk,12773.71,41.0,2.0,43731.98
CUST0199,Customer_199,19.0,Female,At-Risk,37144.72,65.0,2.0,142163.12
CUST0557,Customer_557,41.0,Other,Champions,212451.63,17.0,5.0,349126.58
CUST0283,Customer_283,40.0,Other,At-Risk,76469.16,65.0,5.0,179448.92
CUST0726,Customer_726,33.0,Other,New Customer,,,,
CUST0123,Customer_123,32.0,Other,At-Risk,96993.87,21.0,5.0,169734.68
CUST0378,Customer_378,42.0,Other,Loyal Customers,49954.98,232.0,2.0,248058.81
CUST0768,Customer_768,40.0,Other,At-Risk,63828.86,79.0,4.0,174279.91
CUST0625,Customer_625,44.0,Male,At-Risk,61264.45,174.0,4.0,196818.3
CUST0169,Customer_169,30.0,Female,At-Risk,46872.98,31.0,3.0,118222.9
CUST0653,Customer_653,19.0,Male,Loyal Customers,95137.87,17.0,2.0,254983.19
CUST0299,Customer_299,46.0,Male,At-Risk,71880.81,17.0,4.0,131504.7
CUST0459,Customer_459,49.0,Male,Loyal Customers,71862.47,45.0,2.0,251845.99
CUST0518,Customer_518,58.0,Female,At-Risk,45940.7,13.0,3.0,89742.64
CUST0201,Customer_201,54.0,Female,At-Risk,43865.57,62.0,2.0,166056.55
CUST0517,Customer_517,36.0,Male,Champions,171348.17,83.0,7.0,366079.13
CUST0133,Customer_133,55.0,Female,At-Risk,56851.65,127.0,3.0,199299.91
CUST0737,Customer_737,24.0,Male,Loyal Customers,87077.95,217.0,4.0,291573.42
CUST0159,Customer_159,27.0,Male,Loyal Customers,178342.91,2.0,2.0,225043.7
CUST0733,Customer_733,64.0,Female,New Customer,,,,
CUST0311,Customer_311,25.0,Male,Lost / Dormant,9463.15,229.0,2.0,46879.51
CUST0119,Customer_119,43.0,Male,Lost / Dormant,18223.82,231.0,2.0,90422.01
CUST0018,Customer_18,65.0,Male,At-Risk,80805.3,44.0,5.0,172665.2
CUST0380,Customer_380,53.0,Male,At-Risk,38185.39,18.0,2.0,104125.18
CUST0213,Customer_213,55.0,Other,At-Risk,37866.87,113.0,2.0,163547.88
CUST0404,Customer_404,39.0,Male,At-Risk,47168.5,143.0,4.0,145855.31
CUST0044,Customer_44,47.0,Other,Lost / Dormant,48872.19,200.0,3.0,187136.78000000003
CUST0618,Customer_618,31.0,Other,At-Risk,23079.81,82.0,3.0,73766.73999999999
CUST0151,Customer_151,26.0,Male,Champions,464745.97,4.0,6.0,427929.83
CUST0273,Customer_273,26.0,Other,At-Risk,108575.08,53.0,4.0,270340.66
CUST0097,Customer_97,30.0,Female,Lost / Dormant,11462.9,161.0,1.0,84237.73
CUST0149,Customer_149,60.0,Male,At-Risk,10715.1,45.0,2.0,37551.67
CUST0209,Customer_209,34.0,Male,Lost / Dormant,5019.29,323.0,1.0,41882.41
CUST0688,Customer_688,39.0,Male,At-Risk,66397.29,81.0,4.0,182299.07
CUST0174,Customer_174,34.0,Other,Champions,206274.44,36.0,6.0,385599.03
CUST0555,Customer_555,36.0,Female,At-Risk,50519.03,55.0,3.0,147335.97
CUST0637,Customer_637,19.0,Other,Loyal Customers,52393.57,68.0,2.0,202613.63
CUST0143,Customer_143,22.0,Other,Loyal Customers,117049.93,100.0,4.0,336361.38
CUST0567,Customer_567,64.0,Other,Lost / Dormant,8596.18,269.0,1.0,69475.58
CUST0735,Customer_735,41.0,Other,Champions,352461.8,7.0,7.0,372425.82
CUST0496,Customer_496,31.0,Female,New Customer,,,,
CUST0264,Customer_264,64.0,Male,Loyal Customers,16264.77,224.0,1.0,127193.38
CUST0158,Customer_158,33.0,Male,Lost / Dormant,9569.64,353.0,1.0,81070.86
CUST0416,Customer_416,29.0,Male,At-Risk,16295.86,62.0,2.0,61689.26
CUST0061,Customer_61,57.0,Female,Loyal Customers,176847.87,2.0,2.0,223157.17
CUST0262,Customer_262,62.0,Male,Champions,178423.88,51.0,5.0,395362.71
CUST0177,Customer_177,36.0,Other,New Customer,,,,
CUST0668,Customer_668,19.0,Other,At-Risk,125529.39,35.0,5.0,252978.33
CUST0635,Customer_635,20.0,Other,Champions,264808.33,9.0,5.0,354390.56
CUST0585,Customer_585,63.0,Female,Champions,207450.75,63.0,6.0,445025.56
CUST0690,Customer_690,64.0,Other,Lost / Dormant,18056.12,289.0,2.0,93243.28
CUST0587,Customer_587,29.0,Male,Loyal Customers,86598.14,196.0,2.0,416847.78
CUST0219,Customer_219,40.0,Male,Loyal Customers,52068.89,173.0,2.0,244785.78
CUST0036,Customer_36,64.0,Other,At-Risk,43679.77,58.0,6.0,91905.59
CUST0481,Customer_481,49.0,Female,At-Risk,30488.99,151.0,4.0,95295.99
CUST0059,Customer_59,25.0,Female,Loyal Customers,114438.85,64.0,4.0,297904.79000000004
CUST0108,Customer_108,60.0,Female,Loyal Customers,125316.31,40.0,3.0,337872.66000000003
CUST0638,Customer_638,47.0,Other,At-Risk,44598.29,18.0,2.0,121612.09
CUST0076,Customer_76,51.0,Female,At-Risk,30413.63,114.0,3.0,104288.05
CUST0239,Customer_239,63.0,Male,Loyal Customers,42832.07,218.0,2.0,210283.68
CUST0251,Customer_251,40.0,Other,At-Risk,26607.23,55.0,2.0,97918.44
CUST0403,Customer_403,37.0,Female,At-Risk,107250.62,55.0,5.0,242007.79
CUST0168,Customer_168,57.0,Male,Loyal Customers,51866.08,85.0,2.0,210837.92
CUST0074,Customer_74,29.0,Female,Lost / Dormant,37086.36,296.0,2.0,192319.42
CUST0178,Customer_178,55.0,Female,At-Risk,100148.18,97.0,5.0,256838.54
CUST0060,Customer_60,51.0,Other,Lost / Dormant,29874.53,167.0,2.0,139497.19
CUST0064,Customer_64,31.0,Female,At-Risk,114750.54,103.0,5.0,298055.88
CUST0627,Customer_627,58.0,Other,At-Risk,30303.31,66.0,2.0,116387.80000000002
CUST0470,Customer_470,54.0,Other,At-Risk,51436.39,169.0,3.0,190773.77
CUST0490,Customer_490,34.0,Female,Champions,197643.25,20.0,5.0,340963.0
CUST0355,Customer_355,38.0,Other,Loyal Customers,82815.5,82.0,2.0,334003.45
CUST0473,Customer_473,51.0,Male,At-Risk,85999.03,116.0,4.0,254917.73
CUST0286,Customer_286,54.0,Female,Lost / Dormant,7112.89,151.0,3.0,25810.51
CUST0350,Customer_350,28.0,Male,New Customer,,,,
CUST0515,Customer_515,57.0,Other,Loyal Customers,139455.74,192.0,5.0,410006.52
CUST0462,Customer_462,61.0,Other,At-Risk,77364.27,17.0,3.0,164318.91
CUST0483,Customer_483,63.0,Male,At-Risk,30193.49,98.0,2.0,126565.28
CUST0267,Customer_267,63.0,Female,At-Risk,66718.55,11.0,2.0,155768.97
CUST0769,Customer_769,49.0,Male,Loyal Customers,97333.26,102.0,3.0,326087.81
CUST0272,Customer_272,46.0,Female,Loyal Customers,150979.87,9.0,3.0,261152.26
CUST0250,Customer_250,31.0,Female,Lost / Dormant,31337.33,297.0,2.0,162602.13
CUST0441,Customer_441,42.0,Male,Loyal Customers,121108.69,90.0,4.0,340260.34
CUST0246,Customer_246,65.0,Male,At-Risk,128365.59,86.0,5.0,320766.25
CUST0194,Customer_194,63.0,Female,At-Risk,147843.15,32.0,5.0,290969.99
CUST0734,Customer_734,46.0,Female,At-Risk,71274.63,62.0,3.0,213823.9
CUST0145,Customer_145,32.0,Female,Lost / Dormant,41598.63,169.0,3.0,154286.24
CUST0090,Customer_90,36.0,Female,At-Risk,133337.98,29.0,6.0,235304.25
CUST0476,Customer_476,26.0,Other,Champions,164868.68,58.0,5.0,376740.95
CUST0016,Customer_16,28.0,Male,New Customer,,,,
CUST0322,Customer_322,51.0,Male,Lost / Dormant,35232.31,252.0,3.0,140729.89
CUST0126,Customer_126,33.0,Female,Champions,368314.6,17.0,8.0,493568.06000000006
CUST0794,Customer_794,58.0,Other,At-Risk,47574.37,148.0,3.0,171953.25
CUST0659,Customer_659,48.0,Female,Lost / Dormant,13914.72,122.0,1.0,96765.69
CUST0431,Customer_431,53.0,Male,Champions,196518.73,94.0,6.0,460956.5
CUST0410,Customer_410,45.0,Male,Loyal Customers,32403.33,277.0,1.0,263248.56
CUST0736,Customer_736,54.0,Female,At-Risk,106828.46,10.0,3.0,191488.02
CUST0413,Customer_413,34.0,Other,At-Risk,51732.77,95.0,3.0,170715.9
CUST0105,Customer_105,18.0,Other,At-Risk,30657.75,118.0,2.0,133599.22
CUST0674,Customer_674,23.0,Male,Loyal Customers,132397.74,281.0,4.0,464413.31
CUST0278,Customer_278,38.0,Male,Loyal Customers,150073.36,49.0,4.0,366626.3
CUST0547,Customer_547,26.0,Male,At-Risk,81806.73,77.0,4.0,222096.32
CUST0255,Customer_255,42.0,Male,Lost / Dormant,28182.54,199.0,2.0,136044.88
CUST0655,Customer_655,54.0,Male,Champions,200086.02,8.0,5.0,257129.99
CUST0506,Customer_506,46.0,Other,At-Risk,42791.72,159.0,3.0,156851.26
CUST0586,Customer_586,38.0,Female,Lost / Dormant,10514.44,267.0,2.0,53545.08
CUST0023,Customer_23,55.0,Other,At-Risk,24417.81,115.0,2.0,105844.33
CUST0508,Customer_508,33.0,Male,Lost / Dormant,2799.18,228.0,1.0,21960.97
CUST0539,Customer_539,64.0,Other,Lost / Dormant,51798.32,174.0,3.0,193193.0
CUST0636,Customer_636,38.0,Other,At-Risk,134091.43,66.0,5.0,315778.89
CUST0280,Customer_280,18.0,Female,Champions,224791.81,11.0,5.0,321795.2
CUST0258,Customer_258,40.0,Other,Champions,371485.93,20.0,8.0,522604.2
CUST0122,Customer_122,63.0,Other,At-Risk,73189.6,21.0,3.0,165538.85
CUST0233,Customer_233,46.0,Other,Champions,245834.95,13.0,5.0,371552.88
CUST0224,Customer_224,43.0,Other,At-Risk,72536.26,111.0,4.0,213060.11
CUST0025,Customer_25,58.0,Other,Lost / Dormant,5971.86,318.0,1.0,49697.38
CUST0066,Customer_66,60.0,Other,At-Risk,41742.64,103.0,4.0,120705.85
CUST0054,Customer_54,28.0,Female,Lost / Dormant,9277.68,310.0,1.0,76869.28
CUST0562,Customer_562,55.0,Male,At-Risk,116477.28,35.0,5.0,234735.69
CUST0033,Customer_33,31.0,Female,Lost / Dormant,45459.07,200.0,3.0,174067.6
CUST0305,Customer_305,36.0,Female,Lost / Dormant,14829.84,254.0,2.0,74852.68
CUST0685,Customer_685,32.0,Other,Lost / Dormant,1391.65,196.0,1.0,10617.43
CUST0353,Customer_353,60.0,Other,At-Risk,72643.57,77.0,3.0,228964.56
CUST0720,Customer_720,42.0,Female,Loyal Customers,123276.47,132.0,3.0,435541.25
CUST0559,Customer_559,55.0,Other,At-Risk,51678.57,13.0,2.0,127386.31
CUST0761,Customer_761,52.0,Male,At-Risk,46377.18,86.0,3.0,149785.12
CUST0590,Customer_590,18.0,Other,Lost / Dormant,47573.32,236.0,3.0,187791.36
CUST0068,Customer_68,27.0,Male,Lost / Dormant,15129.32,123.0,2.0,66492.17
CUST0075,Customer_75,57.0,Other,At-Risk,31843.81,101.0,3.0,106461.84
CUST0597,Customer_597,30.0,Female,At-Risk,10007.08,45.0,2.0,35070.35
CUST0731,Customer_731,55.0,Female,Lost / Dormant,1450.05,179.0,1.0,10875.13
CUST0560,Customer_560,30.0,Other,Champions,286286.47,33.0,6.0,523070.42
CUST0621,Customer_621,26.0,Other,New Customer,,,,
CUST0139,Customer_139,38.0,Male,New Customer,,,,
CUST0041,Customer_41,59.0,Male,At-Risk,62554.94,119.0,3.0,216404.53
CUST0715,Customer_715,42.0,Female,At-Risk,99581.59,89.0,4.0,279102.77
CUST0440,Customer_440,18.0,Other,At-Risk,36201.88,44.0,3.0,99981.65
CUST0800,Customer_800,18.0,Male,Champions,1000191.94,1.0,7.0,528422.24
CUST0170,Customer_170,31.0,Other,New Customer,,,,
CUST0058,Customer_58,35.0,Male,Lost / Dormant,30221.4,199.0,2.0,145887.02000000002
CUST0210,Customer_210,33.0,Other,New Customer,,,,
CUST0504,Customer_504,35.0,Male,At-Risk,49996.21,27.0,2.0,153240.63
CUST0666,Customer_666,53.0,Male,Lost / Dormant,34220.21,189.0,2.0,163600.85
CUST0417,Customer_417,57.0,Male,New Customer,,,,
CUST0694,Customer_694,37.0,Female,Lost / Dormant,57961.17,194.0,3.0,220678.73
CUST0745,Customer_745,54.0,Male,Lost / Dormant,43441.84,240.0,3.0,172005.01
CUST0514,Customer_514,58.0,Male,At-Risk,15350.08,18.0,3.0,33170.97
CUST0512,Customer_512,24.0,Male,Lost / Dormant,7807.1,192.0,1.0,59333.31
CUST0453,Customer_453,41.0,Male,Lost / Dormant,8674.22,144.0,1.0,62366.11
CUST0505,Customer_505,43.0,Male,Loyal Customers,135069.75,179.0,4.0,436276.35
CUST0693,Customer_693,49.0,Female,At-Risk,57581.1,41.0,3.0,156225.16
CUST0187,Customer_187,59.0,Other,Lost / Dormant,47408.49,190.0,3.0,179795.82
CUST0669,Customer_669,63.0,Female,Lost / Dormant,36803.35,281.0,2.0,189121.65
CUST0697,Customer_697,21.0,Female,Lost / Dormant,45765.92,340.0,2.0,243066.16
CUST0570,Customer_570,37.0,Other,At-Risk,78417.65,66.0,4.0,205589.7
CUST0455,Customer_455,20.0,Other,Loyal Customers,16944.4,156.0,1.0,123758.18
CUST0208,Customer_208,18.0,Male,At-Risk,100502.05,8.0,4.0,143785.93000000002
CUST0461,Customer_461,31.0,Other,At-Risk,87341.74,94.0,4.0,247700.22
CUST0312,Customer_312,54.0,Male,At-Risk,50070.95,30.0,3.0,125177.38
CUST0129,Customer_129,47.0,Other,Loyal Customers,162175.66,30.0,4.0,349226.27
CUST0314,Customer_314,33.0,Male,At-Risk,130943.82,29.0,4.0,279389.1
CUST0523,Customer_523,57.0,Male,Lost / Dormant,2689.2,323.0,1.0,22439.47
CUST0153,Customer_153,48.0,Other,At-Risk,36236.66,120.0,3.0,125573.39
CUST0603,Customer_603,46.0,Female,At-Risk,45615.12,97.0,3.0,151199.44
CUST0040,Customer_40,28.0,Other,New Customer,,,,
CUST0026,Customer_26,20.0,Male,Loyal Customers,130157.32,48.0,3.0,367294.59
CUST0400,Customer_400,40.0,Other,At-Risk,69624.25,152.0,4.0,217898.45
CUST0628,Customer_628,20.0,Other,Champions,511490.28,1.0,3.0,405346.46
CUST0728,Customer_728,30.0,Other,Lost / Dormant,75999.93,221.0,4.0,255334.28
CUST0338,Customer_338,37.0,Female,At-Risk,46166.34,20.0,2.0,129893.07
CUST0509,Customer_509,29.0,Other,Loyal Customers,115340.65,88.0,3.0,374387.27
CUST0032,Customer_32,54.0,Female,At-Risk,82575.68,47.0,4.0,199678.22
CUST0349,Customer_349,38.0,Other,At-Risk,59984.43,79.0,4.0,163782.97
CUST0263,Customer_263,26.0,Male,Lost / Dormant,9409.7,177.0,1.0,70420.45
CUST0265,Customer_265,62.0,Female,At-Risk,67079.3,59.0,3.0,198914.85
CUST0292,Customer_292,23.0,Other,Lost / Dormant,4154.77,251.0,1.0,33167.49
CUST0053,Customer_53,29.0,Male,Loyal Customers,17672.6,132.0,1.0,124876.17
CUST0482,Customer_482,46.0,Female,Lost / Dormant,52486.91,232.0,3.0,206545.58
CUST0786,Customer_786,49.0,Female,Loyal Customers,61329.95,40.0,2.0,208655.12
CUST0710,Customer_710,36.0,Male,At-Risk,34102.97,94.0,2.0,141685.85
CUST0072,Customer_72,51.0,Female,At-Risk,124923.93,41.0,5.0,262236.04000000004
CUST0429,Customer_429,38.0,Female,Lost / Dormant,28232.13,159.0,2.0,130581.89
CUST0276,Customer_276,45.0,Other,At-Risk,26718.37,87.0,2.0,109164.14
CUST0043,Customer_43,44.0,Other,Lost / Dormant,5532.46,288.0,1.0,45254.99
CUST0558,Customer_558,30.0,Female,Champions,243289.61,73.0,7.0,505135.62
CUST0681,Customer_681,29.0,Male,Lost / Dormant,53483.84,204.0,3.0,205551.79
CUST0010,Customer_10,60.0,Female,At-Risk,109804.23,7.0,3.0,174035.58000000002
CUST0232,Customer_232,62.0,Male,Champions,154207.53,77.0,5.0,376055.92
CUST0346,Customer_346,52.0,Male,At-Risk,50437.68,21.0,3.0,114078.98
CUST0388,Customer_388,56.0,Other,New Customer,,,,
CUST0048,Customer_48,63.0,Other,Lost / Dormant,34654.49,216.0,2.0,169847.87
CUST0438,Customer_438,39.0,Male,Lost / Dormant,9196.88,125.0,1.0,64274.06
CUST0184,Customer_184,46.0,Male,Champions,193200.62,64.0,6.0,415971.87
CUST0591,Customer_591,53.0,Female,Loyal Customers,46375.82,184.0,2.0,220594.93
CUST0319,Customer_319,41.0,Other,At-Risk,186008.01,7.0,4.0,253940.44
CUST0641,Customer_641,60.0,Female,Loyal Customers,82203.34,62.0,3.0,246610.01
CUST0605,Customer_605,32.0,Female,Lost / Dormant,13514.37,288.0,1.0,110546.33
CUST0450,Customer_450,49.0,Female,Lost / Dormant,5884.71,198.0,1.0,44981.91
CUST0493,Customer_493,20.0,Female,Loyal Customers,48246.88,60.0,2.0,181248.06
CUST0236,Customer_236,19.0,Female,At-Risk,56218.06,106.0,4.0,163547.97999999998
CUST0502,Customer_502,52.0,Female,Lost / Dormant,4408.23,304.0,1.0,36400.43
CUST0221,Customer_221,28.0,Other,Loyal Customers,118293.02,42.0,3.0,322906.34
CUST0611,Customer_611,64.0,Male,Champions,316479.65,2.0,6.0,225464.65
CUST0692,Customer_692,43.0,Female,At-Risk,5453.31,62.0,1.0,32719.88
CUST0750,Customer_750,25.0,Female,Lost / Dormant,17916.2,179.0,2.0,84777.22
CUST0763,Customer_763,62.0,Male,Lost / Dormant,22064.68,145.0,2.0,100228.54
CUST0749,Customer_749,53.0,Male,At-Risk,36329.34,95.0,3.0,119885.23
CUST0001,Customer_1,31.0,Female,Lost / Dormant,8030.84,154.0,2.0,36914.38
CUST0102,Customer_102,23.0,Other,At-Risk,13421.14,101.0,2.0,56619.91
CUST0295,Customer_295,62.0,Other,Lost / Dormant,2795.88,292.0,1.0,22925.34
CUST0381,Customer_381,46.0,Other,Lost / Dormant,31357.88,296.0,3.0,128867.84
CUST0730,Customer_730,52.0,Female,Loyal Customers,151425.93,54.0,4.0,378730.13
CUST0284,Customer_284,30.0,Female,Loyal Customers,77650.24,182.0,3.0,292103.2
CUST0571,Customer_571,61.0,Male,At-Risk,21800.91,46.0,2.0,76820.28
CUST0543,Customer_543,28.0,Other,Loyal Customers,203958.03,16.0,4.0,366285.98
CUST0086,Customer_86,52.0,Female,Loyal Customers,213628.07,3.0,3.0,248014.51
CUST0244,Customer_244,19.0,Other,New Customer,,,,
CUST0080,Customer_80,46.0,Female,Lost / Dormant,26832.14,270.0,2.0,136914.25
CUST0495,Customer_495,59.0,Other,Loyal Customers,17711.94,106.0,1.0,119642.14
CUST0727,Customer_727,26.0,Male,Loyal Customers,102367.3,172.0,4.0,328138.5
CUST0180,Customer_180,60.0,Male,New Customer,,,,
CUST0766,Customer_766,52.0,Other,Lost / Dormant,6413.12,359.0,1.0,54484.9
CUST0197,Customer_197,62.0,Other,At-Risk,458.8,92.0,2.0,1897.34
CUST0107,Customer_107,33.0,Male,At-Risk,130915.98,16.0,4.0,235110.57
CUST0765,Customer_765,55.0,Other,Loyal Customers,135651.61,12.0,3.0,258236.91
CUST0418,Customer_418,62.0,Other,Champions,190117.34,43.0,6.0,371914.68
CUST0452,Customer_452,30.0,Other,Loyal Customers,107213.11,152.0,4.0,335537.85
CUST0195,Customer_195,55.0,Male,Lost / Dormant,3984.64,163.0,2.0,18519.16
CUST0137,Customer_137,29.0,Other,At-Risk,37462.93,107.0,3.0,126778.0
CUST0705,Customer_705,51.0,Male,Champions,293116.02,5.0,6.0,293116.02
CUST0325,Customer_325,54.0,Female,At-Risk,15995.47,83.0,2.0,64683.68
CUST0238,Customer_238,60.0,Female,At-Risk,25204.65,145.0,3.0,90732.62
CUST0619,Customer_619,51.0,Other,At-Risk,50443.65,154.0,3.0,183751.14
CUST0675,Customer_675,27.0,Female,At-Risk,35540.8,127.0,2.0,157218.01
CUST0642,Customer_642,59.0,Male,Lost / Dormant,39577.28,210.0,2.0,192969.89
CUST0415,Customer_415,39.0,Male,Loyal Customers,26278.32,47.0,1.0,147545.12
CUST0631,Customer_631,38.0,Male,At-Risk,63469.55,54.0,3.0,184295.11
CUST0762,Customer_762,62.0,Other,At-Risk,92303.08,107.0,4.0,269054.08
CUST0225,Customer_225,49.0,Other,Lost / Dormant,20927.77,301.0,2.0,108842.46
CUST0302,Customer_302,35.0,Other,At-Risk,7590.85,73.0,1.0,47282.0
CUST0293,Customer_293,29.0,Female,Lost / Dormant,20914.53,338.0,2.0,110966.95
CUST0363,Customer_363,34.0,Other,At-Risk,55356.98,13.0,2.0,136453.47999999998
CUST0767,Customer_767,47.0,Male,At-Risk,10853.37,33.0,1.0,55670.02
CUST0241,Customer_241,30.0,Female,At-Risk,27575.48,81.0,2.0,110914.15
CUST0752,Customer_752,64.0,Male,Lost / Dormant,16680.27,244.0,2.0,83587.66
CUST0658,Customer_658,52.0,Male,Lost / Dormant,726.45,273.0,1.0,5886.61
CUST0374,Customer_374,21.0,Other,At-Risk,77814.83,18.0,3.0,168155.04
CUST0067,Customer_67,57.0,Female,At-Risk,44375.11,125.0,4.0,133563.0
CUST0798,Customer_798,31.0,Male,Loyal Customers,53110.6,307.0,2.0,277168.91000000003
CUST0008,Customer_8,54.0,Male,Loyal Customers,139717.45,144.0,4.0,432633.53
CUST0051,Customer_51,44.0,Male,Loyal Customers,112372.16,107.0,4.0,327553.43
CUST0790,Customer_790,60.0,Female,At-Risk,36325.08,12.0,2.0,87259.15
CUST0640,Customer_640,38.0,Other,At-Risk,53337.82,16.0,2.0,140328.06
CUST0687,Customer_687,25.0,Female,Lost / Dormant,5999.4,243.0,1.0,47615.05
CUST0785,Customer_785,33.0,Male,At-Risk,69421.67,87.0,3.0,224778.11
CUST0304,Customer_304,43.0,Female,Loyal Customers,84635.65,287.0,3.0,345945.08
CUST0783,Customer_783,28.0,Female,Lost / Dormant,26611.68,158.0,3.0,97424.4
CUST0005,Customer_5,28.0,Other,Lost / Dormant,21620.19,140.0,2.0,97528.44
CUST0706,Customer_706,25.0,Other,At-Risk,1095.2,18.0,1.0,4733.39
CUST0121,Customer_121,46.0,Other,Lost / Dormant,11682.64,244.0,2.0,58543.67
CUST0546,Customer_546,59.0,Other,Lost / Dormant,2440.63,345.0,1.0,20595.98
CUST0580,Customer_580,43.0,Female,Lost / Dormant,31307.01,196.0,2.0,150699.06
CUST0202,Customer_202,24.0,Female,Lost / Dormant,29335.74,187.0,3.0,110921.97
CUST0529,Customer_529,33.0,Other,Loyal Customers,141108.34,10.0,3.0,252934.06
CUST0556,Customer_556,35.0,Male,Loyal Customers,56176.6,188.0,2.0,268302.07
CUST0326,Customer_326,63.0,Female,New Customer,,,,
CUST0315,Customer_315,34.0,Other,At-Risk,50056.43,148.0,3.0,180924.43
CUST0626,Customer_626,43.0,Other,Lost / Dormant,9645.93,220.0,1.0,75184.41
CUST0050,Customer_50,60.0,Female,At-Risk,159641.77,4.0,4.0,177726.43
CUST0553,Customer_553,63.0,Male,At-Risk,85320.63,65.0,4.0,222902.05
CUST0132,Customer_132,37.0,Female,At-Risk,81388.69,28.0,3.0,199682.7
CUST0192,Customer_192,24.0,Male,New Customer,,,,
CUST0206,Customer_206,37.0,Other,Lost / Dormant,12547.1,353.0,1.0,106294.97
CUST0128,Customer_128,52.0,Male,At-Risk,28002.59,50.0,2.0,100713.46
CUST0146,Customer_146,28.0,Male,Lost / Dormant,1832.55,97.0,1.0,12148.6
CUST0541,Customer_541,31.0,Other,Loyal Customers,49579.44,46.0,2.0,174704.01
CUST0599,Customer_599,60.0,Other,At-Risk,60428.2,138.0,3.0,215404.86
CUST0545,Customer_545,45.0,Female,Loyal Customers,27474.89,25.0,1.0,130639.99
CUST0572,Customer_572,44.0,Female,Loyal Customers,125551.13,151.0,5.0,352489.94
CUST0527,Customer_527,31.0,Other,Lost / Dormant,1792.03,303.0,1.0,14789.01
CUST0240,Customer_240,45.0,Female,Loyal Customers,56577.43,87.0,2.0,231160.25
CUST0698,Customer_698,51.0,Female,Lost / Dormant,3944.68,174.0,2.0,18565.15
CUST0093,Customer_93,44.0,Male,At-Risk,4230.44,54.0,1.0,24567.69
CUST0024,Customer_24,37.0,Male,At-Risk,6340.26,8.0,1.0,21061.9
CUST0480,Customer_480,64.0,Other,Loyal Customers,145705.77,205.0,5.0,433656.37
CUST0566,Customer_566,31.0,Other,At-Risk,142931.78,8.0,5.0,183681.23
CUST0298,Customer_298,46.0,Female,At-Risk,31403.79,114.0,2.0,135881.18
CUST0343,Customer_343,35.0,Female,Loyal Customers,19535.8,65.0,1.0,118505.88
CUST0078,Customer_78,45.0,Male,Lost / Dormant,18902.54,308.0,2.0,98702.49
CUST0671,Customer_671,61.0,Male,At-Risk,21248.37,114.0,3.0,72860.45999999999
CUST0689,Customer_689,32.0,Female,Lost / Dormant,35519.9,155.0,2.0,163476.54
CUST0373,Customer_373,43.0,Female,At-Risk,76507.94,40.0,3.0,206277.54
CUST0358,Customer_358,23.0,Male,Lost / Dormant,12489.77,141.0,2.0,56420.98
CUST0290,Customer_290,62.0,Female,Lost / Dormant,3601.37,104.0,1.0,24229.73
CUST0157,Customer_157,41.0,Male,Loyal Customers,92898.6,201.0,4.0,306684.32
CUST0085,Customer_85,27.0,Female,Lost / Dormant,31631.43,168.0,2.0,147870.75
CUST0665,Customer_665,24.0,Male,Loyal Customers,24998.4,127.0,1.0,175269.49
CUST0071,Customer_71,63.0,Male,New Customer,,,,
CUST0568,Customer_568,24.0,Other,Lost / Dormant,1341.57,106.0,1.0,9062.16
CUST0094,Customer_94,34.0,Female,New Customer,,,,
CUST0052,Customer_52,53.0,Other,Lost / Dormant,5851.75,241.0,1.0,46373.99
CUST0746,Customer_746,52.0,Other,New Customer,,,,
CUST0472,Customer_472,21.0,Other,New Customer,,,,
